{
    "NAME": "FLYOX_I/VI",
    "BEM": 18.0,
    "FM": 2.0,
    "PM": 0.0,
    "SFC": 0.0250,
    "AR": 7.0,
    "S": 0.778,
    "b": 2.33,
    "c": 0.33,
    "e": 0.839,
    "CGx": -0.1140,
    "CGz": -0.0019,
    "CPwx": -0.0772,
    "CPwz": -0.1760,
    "CTx": 0.000,
    "CTz": -0.176,
    "Dp": 0.381,
    "nENG": 2.0,
    "EPS0": 0.0,
    "Iyy": 3.99,
    "LIFT_DRAG_COEFFS": [[0.410, 3.650, 0.068],[0.510, 4.584, 0.085],[0.700, 6.303, 0.112]],
    "MOMENT_COEFFS": [-0.079, -1.430],
    "ELEVATOR_COEFFS": [0.600, -2.160],
    "THRUST_COEFFS": [0.11704071, 0.01235745, -0.19214663, 0.05568106],
    "EFFICIENCY_COEFFS": [1.0, 0.0],
    "OPERATIONAL_LIMITS": [[0.0, 0.0, 0.0, -0.21, 0.0, -2000.0, 18.0, 0.0 ,-0.21],[80.0, 80.0, 0.0, 0.21, 1500, 0.0, 30.0, 1.0, 0.21]],
    "MISSION_SPECS": [0.0, 6000.0]
}
